"author","rank"
"nigewillson",0.33849703361898487
"into_AI",0.25016479894528676
"kashthefuturist",0.15820698747528017
"imoyse",0.062294001318391565
"iamChuckRussell",0.037574159525379035
"machines_learn",0.03098220171390903
"kuriharan",0.027686222808174028
"milocamj",0.025708635464733027
"machine_tuts",0.023071852340145024
"grattonboy",0.018787079762689517
"tensorflow_guru",0.01845748187211602
"jeanyvesgonin",0.01845748187211602
"grattongirl",0.01845748187211602
"tensorflow_tut",0.01812788398154252
"lhamerlinck",0.015161502966381015
"marcusborba",0.014831905075807514
"future_of_AI",0.014831905075807514
"tensorflow_fan",0.014172709294660513
"nordicinst",0.014172709294660513
"jackcoleman219",0.014172709294660513
"mind_sync",0.013843111404087014
"pascal_bornet",0.013183915622940013
"sahdevt",0.011865524060646011
"mlmemoirs",0.011865524060646011
"tensorflow_dev",0.011535926170072512
"spotflock",0.01120632827949901
"paultaylor1001",0.01054713249835201
"mycroft_ai",0.01054713249835201
"rautsan",0.01021753460777851
"kimberl87759219",0.008899143045484509
"igent_io",0.008569545154911009
"workonline44",0.007910349373764008
"sdxcentral",0.007910349373764008
"ramyelkhoulany",0.007910349373764008
"tensorflow_devp",0.007580751483190508
"sandy_carter",0.007580751483190508
"kurt_cagle",0.007580751483190508
"stanford__ai",0.007251153592617007
"jose_garde",0.007251153592617007
"jselanikio",0.006921555702043507
"hackernoon",0.006921555702043507
"sdxtech",0.0065919578114700065
"rwang0",0.006262359920896506
"fdy",0.006262359920896506
"jkaruttykaran",0.005932762030323006
"hubermantamir",0.005932762030323006
"stickyfx",0.005603164139749505
"kickstartAI",0.005603164139749505
"jmmoran12",0.005603164139749505
"girardmaxime33",0.005603164139749505
"mmmgaber",0.005273566249176005
"holgermu",0.005273566249176005
"tensorflow_geek",0.004943968358602505
"sureshone",0.004943968358602505
"sjoerdapp",0.004943968358602505
"mind_senses",0.004943968358602505
"sonjameyer79",0.004614370468029005
"ravikikan",0.004614370468029005
"mvollmer1",0.004614370468029005
"jeggers",0.004614370468029005
"iswc_conf",0.004614370468029005
"get_sk93",0.004614370468029005
"zientekglobal",0.0042847725774555045
"virginiakelly78",0.0042847725774555045
"rtehrani",0.0042847725774555045
"machine_ml",0.0042847725774555045
"kboughida",0.0042847725774555045
"mjcavaretta",0.003955174686882004
"hudson_chatbots",0.003955174686882004
"gneuman",0.003955174686882004
"ginasmith888",0.003955174686882004
"ukrphysics",0.0036255767963085037
"stratorob",0.0036255767963085037
"shashib",0.0036255767963085037
"torchapp",0.0032959789057350032
"robertconnely",0.0032959789057350032
"kirkmac",0.0032959789057350032
"iotcoi",0.0032959789057350032
"udacity",0.002966381015161503
"smartia_tech",0.002966381015161503
"semper_exploro",0.002966381015161503
"melkargi",0.002966381015161503
"lilachbullock",0.002966381015161503
"kbavandi",0.002966381015161503
"jondcarroll",0.002966381015161503
"joergresch",0.002966381015161503
"j2bryson",0.002966381015161503
"j2blather",0.002966381015161503
"shinisomara",0.0026367831245880024
"pramodvrao",0.0026367831245880024
"mirko_ross",0.0026367831245880024
"mihailmateev",0.0026367831245880024
"liseeng",0.0026367831245880024
"jason_edge",0.0026367831245880024
"ielbouchikhi",0.0026367831245880024
"hologirlfriend",0.0026367831245880024
"women_in_ai",0.0023071852340145024
"wil_bielert",0.0023071852340145024
"techlazy_msft",0.0023071852340145024
"startupshireme",0.0023071852340145024
"sakalle",0.0023071852340145024
"pfersht",0.0023071852340145024
"panosmantzaris",0.0023071852340145024
"mlinterview",0.0023071852340145024
"medcitynews",0.0023071852340145024
"mathiasekman",0.0023071852340145024
"marya1986",0.0023071852340145024
"jeffemmans",0.0023071852340145024
"healthblawg",0.0023071852340145024
"whymandesign",0.001977587343441002
"welcomeai",0.001977587343441002
"vanguardsw",0.001977587343441002
"turinginst",0.001977587343441002
"tsahi_liberman",0.001977587343441002
"techpearce2",0.001977587343441002
"santhoshcheran",0.001977587343441002
"ruddyluce",0.001977587343441002
"realjoet",0.001977587343441002
"prettyradfuture",0.001977587343441002
"onoffonoff",0.001977587343441002
"necio_iot",0.001977587343441002
"msengamalay",0.001977587343441002
"mieke_vdw",0.001977587343441002
"mark_torr",0.001977587343441002
"marcel_marizu",0.001977587343441002
"maizeanalytics",0.001977587343441002
"littlefabshop",0.001977587343441002
"leeyieng",0.001977587343441002
"jgodard2",0.001977587343441002
"jeffkagan",0.001977587343441002
"jdelacruz_IoT",0.001977587343441002
"isws_semweb",0.001977587343441002
"istbigdata",0.001977587343441002
"ilceruttino",0.001977587343441002
"fortivus",0.001977587343441002
"ey_wit",0.001977587343441002
"yates_ltd",0.0016479894528675016
"winnitude",0.0016479894528675016
"studioprocess",0.0016479894528675016
"sm_udell",0.0016479894528675016
"shanebrighton",0.0016479894528675016
"rschu",0.0016479894528675016
"rgranat",0.0016479894528675016
"ramaraobobby",0.0016479894528675016
"prestiva",0.0016479894528675016
"praxiem",0.0016479894528675016
"pinto_hendritta",0.0016479894528675016
"paulrgn",0.0016479894528675016
"nicolaskipp",0.0016479894528675016
"moorejh",0.0016479894528675016
"mjseres",0.0016479894528675016
"melissablive",0.0016479894528675016
"machinelearnTec",0.0016479894528675016
"lighthousedf",0.0016479894528675016
"lakshmisiyer",0.0016479894528675016
"joergmolt",0.0016479894528675016
"jarbon",0.0016479894528675016
"ispim",0.0016479894528675016
"iris_tv",0.0016479894528675016
"iMoogiRadio",0.0016479894528675016
"heydaddyph",0.0016479894528675016
"geekazine",0.0016479894528675016
"welcomedwelling",0.0013183915622940012
"vrara_sf",0.0013183915622940012
"vivekkeshari19",0.0013183915622940012
"vikkiliogier",0.0013183915622940012
"unicomcorp",0.0013183915622940012
"ufitfly",0.0013183915622940012
"uditha_bandara",0.0013183915622940012
"tekfortune_NJ",0.0013183915622940012
"techizta",0.0013183915622940012
"synergetics1",0.0013183915622940012
"speak2web",0.0013183915622940012
"sjefersuper",0.0013183915622940012
"simplivllc",0.0013183915622940012
"siddhithakkar1",0.0013183915622940012
"shakirway",0.0013183915622940012
"sdf_pubnix",0.0013183915622940012
"sciencerockstar",0.0013183915622940012
"schestowitz",0.0013183915622940012
"sap4good",0.0013183915622940012
"rzembo",0.0013183915622940012
"robertdolci",0.0013183915622940012
"retailwire",0.0013183915622940012
"porn4borgs",0.0013183915622940012
"pmonserrat",0.0013183915622940012
"perzonalization",0.0013183915622940012
"paulfeigelfeld",0.0013183915622940012
"onmedic",0.0013183915622940012
"oluskayacan",0.0013183915622940012
"noeliagorod",0.0013183915622940012
"nebo_cloud",0.0013183915622940012
"msteidinger",0.0013183915622940012
"mparmar47",0.0013183915622940012
"mikeyuhn",0.0013183915622940012
"michaerr",0.0013183915622940012
"magnifyk",0.0013183915622940012
"lorenzosala",0.0013183915622940012
"kotaknaren",0.0013183915622940012
"k3r3n3",0.0013183915622940012
"jmsunico",0.0013183915622940012
"jjjweiss",0.0013183915622940012
"jigglypuffs85",0.0013183915622940012
"jgab66",0.0013183915622940012
"jberger26",0.0013183915622940012
"jabravo",0.0013183915622940012
"iarchive",0.0013183915622940012
"gzarantonello",0.0013183915622940012
"gould_finch",0.0013183915622940012
"gandreassen",0.0013183915622940012
"fuse_works",0.0013183915622940012
"fnikitin",0.0013183915622940012
"fluturads",0.0013183915622940012
"fintechdriver",0.0013183915622940012
"fatihbilici",0.0013183915622940012
"winstermaestro",0.000988793671720501
"waldemaringdahl",0.000988793671720501
"vperrin",0.000988793671720501
"unico",0.000988793671720501
"txtsmarter",0.000988793671720501
"tweetreinoud",0.000988793671720501
"tutorlauraeffe",0.000988793671720501
"trialsAI",0.000988793671720501
"transhumanismAU",0.000988793671720501
"tonnybastiaans",0.000988793671720501
"thetechlearner",0.000988793671720501
"sonyabarlowuk",0.000988793671720501
"shawnrog",0.000988793671720501
"shabersham",0.000988793671720501
"s1__deep",0.000988793671720501
"roninai",0.000988793671720501
"randizzle29",0.000988793671720501
"rajputbalsing",0.000988793671720501
"quicksoft",0.000988793671720501
"poshporcupine",0.000988793671720501
"pankaj_p_sahni",0.000988793671720501
"paleobyleo",0.000988793671720501
"orzota",0.000988793671720501
"onmedicglobal",0.000988793671720501
"oftd",0.000988793671720501
"nonatofabio",0.000988793671720501
"neuralmarket",0.000988793671720501
"netweight_",0.000988793671720501
"netmarq",0.000988793671720501
"naikrd",0.000988793671720501
"mybizon",0.000988793671720501
"mloughlin",0.000988793671720501
"mitchSGB",0.000988793671720501
"meplassey",0.000988793671720501
"mbcrump",0.000988793671720501
"lokshuchi",0.000988793671720501
"lobsters",0.000988793671720501
"leontechnology3",0.000988793671720501
"koreananotech",0.000988793671720501
"kmeshHQ",0.000988793671720501
"kinshukjoshi",0.000988793671720501
"juri13",0.000988793671720501
"jtorras",0.000988793671720501
"jasonsparrow",0.000988793671720501
"jasonkries",0.000988793671720501
"jarchitects",0.000988793671720501
"ingliguori",0.000988793671720501
"hsianghui",0.000988793671720501
"holmhelgesen",0.000988793671720501
"hbrofman",0.000988793671720501
"gregkroczek",0.000988793671720501
"flying_maverick",0.000988793671720501
"ffarinetti",0.000988793671720501
"zeitenwende007",0.0006591957811470006
"zanarisops",0.0006591957811470006
"yoomeehq",0.0006591957811470006
"wlhoffman1",0.0006591957811470006
"wilsstar007",0.0006591957811470006
"webanywhere",0.0006591957811470006
"vumetric",0.0006591957811470006
"viralinfo",0.0006591957811470006
"viper07_sg",0.0006591957811470006
"vidyaangi",0.0006591957811470006
"veritoneinc",0.0006591957811470006
"vandevi",0.0006591957811470006
"vakulkumarmore",0.0006591957811470006
"vackup",0.0006591957811470006
"twtkaran",0.0006591957811470006
"twieberneit",0.0006591957811470006
"twatt12",0.0006591957811470006
"troymacfarlane",0.0006591957811470006
"tobinsmith",0.0006591957811470006
"thehamidyasir",0.0006591957811470006
"theCloudFactory",0.0006591957811470006
"techupforwomen",0.0006591957811470006
"tarheelgis",0.0006591957811470006
"tarahtech",0.0006591957811470006
"tanjooilong",0.0006591957811470006
"symphonysid",0.0006591957811470006
"surfstudio",0.0006591957811470006
"suonoreale",0.0006591957811470006
"sudeepsakalle",0.0006591957811470006
"streem_pro",0.0006591957811470006
"stockfjm",0.0006591957811470006
"stewtippler",0.0006591957811470006
"steventeaster",0.0006591957811470006
"steube",0.0006591957811470006
"stephatkins",0.0006591957811470006
"startuprad_io",0.0006591957811470006
"socialpluck",0.0006591957811470006
"sm_innovations",0.0006591957811470006
"skamrani2002",0.0006591957811470006
"sionik_comm",0.0006591957811470006
"shelholtz",0.0006591957811470006
"shauntaylorone",0.0006591957811470006
"sgr0ver",0.0006591957811470006
"sereprz",0.0006591957811470006
"semiovore",0.0006591957811470006
"securityblvd",0.0006591957811470006
"sawandeswal",0.0006591957811470006
"sarkell",0.0006591957811470006
"sarahcollins198",0.0006591957811470006
"saradefloresx",0.0006591957811470006
"santaferraro",0.0006591957811470006
"sandramp",0.0006591957811470006
"sahil_harriram",0.0006591957811470006
"saahilbigfoot",0.0006591957811470006
"rubaiyatrafat",0.0006591957811470006
"rpodyssey",0.0006591957811470006
"rosariorobinson",0.0006591957811470006
"rod_schatz",0.0006591957811470006
"robertopuyo",0.0006591957811470006
"roamingnick",0.0006591957811470006
"rick_b",0.0006591957811470006
"rgunhold",0.0006591957811470006
"rf_amplifier",0.0006591957811470006
"releaseman",0.0006591957811470006
"realquraishi",0.0006591957811470006
"protogridapp",0.0006591957811470006
"powa_puff",0.0006591957811470006
"pluribusbot",0.0006591957811470006
"pico",0.0006591957811470006
"peteleather",0.0006591957811470006
"permafuturist",0.0006591957811470006
"pavelrogozhin",0.0006591957811470006
"patpagani",0.0006591957811470006
"patcollagency",0.0006591957811470006
"pasalapudi",0.0006591957811470006
"palmyrapro",0.0006591957811470006
"pallvi_gautam",0.0006591957811470006
"omnibs",0.0006591957811470006
"oec2019",0.0006591957811470006
"ntlx10",0.0006591957811470006
"noamslonim",0.0006591957811470006
"nishit_kotak",0.0006591957811470006
"niinaholopainen",0.0006591957811470006
"niazjalal",0.0006591957811470006
"ncmart",0.0006591957811470006
"nafisalam",0.0006591957811470006
"nGage_ETx",0.0006591957811470006
"myinfostrategy",0.0006591957811470006
"mtlaiethics",0.0006591957811470006
"mshanm10",0.0006591957811470006
"mrzphd",0.0006591957811470006
"mridgwayjones",0.0006591957811470006
"motchi0214",0.0006591957811470006
"monty_b_",0.0006591957811470006
"mntask",0.0006591957811470006
"mjdnet",0.0006591957811470006
"mitesh_soni",0.0006591957811470006
"mightydutchman",0.0006591957811470006
"michelledh",0.0006591957811470006
"michaelwmcleod",0.0006591957811470006
"michael_signify",0.0006591957811470006
"micadam",0.0006591957811470006
"meghadatta17",0.0006591957811470006
"mechanizedhuman",0.0006591957811470006
"mdrefs",0.0006591957811470006
"mbrewer",0.0006591957811470006
"mauricetfrank",0.0006591957811470006
"maupanas",0.0006591957811470006
"maryammoubarki",0.0006591957811470006
"martinoywa",0.0006591957811470006
"mark_kruger",0.0006591957811470006
"marcovisibelli",0.0006591957811470006
"marcobohansen",0.0006591957811470006
"manuelstagars",0.0006591957811470006
"mantracoder",0.0006591957811470006
"manishc",0.0006591957811470006
"macubex0400297",0.0006591957811470006
"m_hjalm",0.0006591957811470006
"lospolloss5",0.0006591957811470006
"lionelsitz",0.0006591957811470006
"libre_ai",0.0006591957811470006
"lgomezperu",0.0006591957811470006
"legalmemory",0.0006591957811470006
"kthome219",0.0006591957811470006
"kristenhinkson",0.0006591957811470006
"konekteio",0.0006591957811470006
"kmjobs",0.0006591957811470006
"kisasondi",0.0006591957811470006
"keithtrenchard",0.0006591957811470006
"kchristofilos",0.0006591957811470006
"katsnelson",0.0006591957811470006
"karategb",0.0006591957811470006
"kaleemux",0.0006591957811470006
"justinspchan",0.0006591957811470006
"julienfaury",0.0006591957811470006
"jriboulon",0.0006591957811470006
"journeywithem",0.0006591957811470006
"jolewitz",0.0006591957811470006
"jold",0.0006591957811470006
"johnopoku",0.0006591957811470006
"johnbikerjohn",0.0006591957811470006
"johanhallberg",0.0006591957811470006
"joern_steege",0.0006591957811470006
"joelteitelbaum",0.0006591957811470006
"jobinindia",0.0006591957811470006
"jmirpub",0.0006591957811470006
"jkabaunza",0.0006591957811470006
"jhajharia1",0.0006591957811470006
"jessRmorley",0.0006591957811470006
"jenstirrup",0.0006591957811470006
"jasonfcooper",0.0006591957811470006
"jamie_maguire1",0.0006591957811470006
"jaeques",0.0006591957811470006
"jaciclement",0.0006591957811470006
"j0nnymac",0.0006591957811470006
"ivrpowers",0.0006591957811470006
"itsrajdeepdas",0.0006591957811470006
"isubham_sr",0.0006591957811470006
"interface2learn",0.0006591957811470006
"inoueatsushij",0.0006591957811470006
"igeniusai",0.0006591957811470006
"ianobre",0.0006591957811470006
"i_Know_First",0.0006591957811470006
"hsedidin",0.0006591957811470006
"hrinnovateorg",0.0006591957811470006
"hlehnerer",0.0006591957811470006
"heyroberte",0.0006591957811470006
"heartscreening",0.0006591957811470006
"h_kitanaka",0.0006591957811470006
"giusepperizzo",0.0006591957811470006
"gitconnected",0.0006591957811470006
"gigaflare",0.0006591957811470006
"ghorairy",0.0006591957811470006
"ghacksnews",0.0006591957811470006
"getengati",0.0006591957811470006
"garyrikard",0.0006591957811470006
"gajjala_praveen",0.0006591957811470006
"gainfy",0.0006591957811470006
"fsagwe",0.0006591957811470006
"freddygualoto",0.0006591957811470006
"fredcadena",0.0006591957811470006
"franzrusso",0.0006591957811470006
"franciungaro",0.0006591957811470006
"fermarsan",0.0006591957811470006
"zzumot",0.0003295978905735003
"zoneadm",0.0003295978905735003
"zeyenchris",0.0003295978905735003
"zetaraffix",0.0003295978905735003
"zanymomintx",0.0003295978905735003
"youngHelen",0.0003295978905735003
"xuebinwei",0.0003295978905735003
"wolke23",0.0003295978905735003
"wolfketter",0.0003295978905735003
"wise_project",0.0003295978905735003
"whoellri",0.0003295978905735003
"webinara",0.0003295978905735003
"weareproto",0.0003295978905735003
"vrbenjamins",0.0003295978905735003
"vishalpanchal85",0.0003295978905735003
"vetSkills",0.0003295978905735003
"vCloud_Storage",0.0003295978905735003
"ukaino",0.0003295978905735003
"ubercool",0.0003295978905735003
"tv500sp",0.0003295978905735003
"tung_airways",0.0003295978905735003
"ttorrano",0.0003295978905735003
"tschweigert1",0.0003295978905735003
"tromben",0.0003295978905735003
"trendwatching",0.0003295978905735003
"toptechticker",0.0003295978905735003
"tobias_weise",0.0003295978905735003
"tmrasberry",0.0003295978905735003
"tmodder",0.0003295978905735003
"tingpad_co_uk",0.0003295978905735003
"timrohde",0.0003295978905735003
"timmask",0.0003295978905735003
"thinktankftw",0.0003295978905735003
"thibetian",0.0003295978905735003
"theyield",0.0003295978905735003
"theSTEMpedia",0.0003295978905735003
"theMartti",0.0003295978905735003
"techtionary",0.0003295978905735003
"techhub_hq",0.0003295978905735003
"tcclark3",0.0003295978905735003
"tailorpostcom",0.0003295978905735003
"systweak",0.0003295978905735003
"syedimran3",0.0003295978905735003
"susby",0.0003295978905735003
"sturgillgreg1",0.0003295978905735003
"studentforce",0.0003295978905735003
"stewartjordan",0.0003295978905735003
"steveolenski",0.0003295978905735003
"stevedriz",0.0003295978905735003
"sterwan",0.0003295978905735003
"stephenwdrew",0.0003295978905735003
"stefkotwit",0.0003295978905735003
"stacievotaw",0.0003295978905735003
"sportcashone",0.0003295978905735003
"skhan_tech",0.0003295978905735003
"skemsley",0.0003295978905735003
"sixthfactor",0.0003295978905735003
"sirlancelot25",0.0003295978905735003
"simon_morice",0.0003295978905735003
"silverdata",0.0003295978905735003
"shrawansapre",0.0003295978905735003
"sentrworks",0.0003295978905735003
"scott_rickard",0.0003295978905735003
"scoin800",0.0003295978905735003
"samblanquet_mfg",0.0003295978905735003
"samanthamonk",0.0003295978905735003
"sakutweets",0.0003295978905735003
"s_kampakis",0.0003295978905735003
"sUASnews",0.0003295978905735003
"rvanbruggen",0.0003295978905735003
"runnerrobs",0.0003295978905735003
"rullybmkg1",0.0003295978905735003
"rrkaranjgaokar",0.0003295978905735003
"rothniven",0.0003295978905735003
"ronsparks",0.0003295978905735003
"rohitprabhakar",0.0003295978905735003
"rodtrent",0.0003295978905735003
"rockywuest",0.0003295978905735003
"robspeck",0.0003295978905735003
"robotsknowme",0.0003295978905735003
"ro_nanda",0.0003295978905735003
"rkmaxfield",0.0003295978905735003
"rjlar",0.0003295978905735003
"rickcipher",0.0003295978905735003
"rfcm83",0.0003295978905735003
"reworkhealth",0.0003295978905735003
"realCoreyEngel",0.0003295978905735003
"rdentremont",0.0003295978905735003
"rayschroeder",0.0003295978905735003
"randommman",0.0003295978905735003
"rami_nairab",0.0003295978905735003
"ram16126272",0.0003295978905735003
"rajasekarn",0.0003295978905735003
"raffaelmarty",0.0003295978905735003
"raelt",0.0003295978905735003
"r_manasa",0.0003295978905735003
"quantomstudios",0.0003295978905735003
"puriscrubbers",0.0003295978905735003
"pureinfographic",0.0003295978905735003
"prakashadvani",0.0003295978905735003
"pmswish",0.0003295978905735003
"pmalik1",0.0003295978905735003
"pimonline",0.0003295978905735003
"pigram86",0.0003295978905735003
"philpostro",0.0003295978905735003
"phillytechnews",0.0003295978905735003
"philipstoten",0.0003295978905735003
"philipbruns",0.0003295978905735003
"pheonix1729",0.0003295978905735003
"pfinerty",0.0003295978905735003
"penonfire",0.0003295978905735003
"peetm",0.0003295978905735003
"pebbe2b",0.0003295978905735003
"pauper9",0.0003295978905735003
"parvez1",0.0003295978905735003
"optimize_mrktng",0.0003295978905735003
"opticalescapes",0.0003295978905735003
"opensix6",0.0003295978905735003
"ogramaccia",0.0003295978905735003
"nursingpins",0.0003295978905735003
"nuriotus",0.0003295978905735003
"nomiiguruchiku",0.0003295978905735003
"nickwalton00",0.0003295978905735003
"nicdps",0.0003295978905735003
"newsilkera",0.0003295978905735003
"newrising_media",0.0003295978905735003
"net0pyr",0.0003295978905735003
"nermil",0.0003295978905735003
"neeshter",0.0003295978905735003
"ndahad",0.0003295978905735003
"naeemapasha",0.0003295978905735003
"mskilton",0.0003295978905735003
"mrwdawson",0.0003295978905735003
"mrbrowngigle",0.0003295978905735003
"mrDarkLab",0.0003295978905735003
"mokkikunta",0.0003295978905735003
"mobileappdaily",0.0003295978905735003
"mipphillips",0.0003295978905735003
"mikeaward",0.0003295978905735003
"mikeamcnair",0.0003295978905735003
"mialomo",0.0003295978905735003
"meisshaily",0.0003295978905735003
"mediumreach",0.0003295978905735003
"mdial",0.0003295978905735003
"maxkatz",0.0003295978905735003
"mattiaswac",0.0003295978905735003
"marumatchbox",0.0003295978905735003
"martynjcrook",0.0003295978905735003
"markmaiwords",0.0003295978905735003
"marketengelsas",0.0003295978905735003
"market_logic",0.0003295978905735003
"markcastleman",0.0003295978905735003
"mariandragt",0.0003295978905735003
"manolof2",0.0003295978905735003
"manmayapanda",0.0003295978905735003
"maggie_albrecht",0.0003295978905735003
"mafiahairdreser",0.0003295978905735003
"madjerie",0.0003295978905735003
"m_a_r_t_i_n",0.0003295978905735003
"mHealthSurgeon",0.0003295978905735003
"m9valdetaro",0.0003295978905735003
"luannem",0.0003295978905735003
"lobstersbot",0.0003295978905735003
"lepinekong",0.0003295978905735003
"lbertogon",0.0003295978905735003
"lawscomm",0.0003295978905735003
"kyield",0.0003295978905735003
"krigby38",0.0003295978905735003
"krahman",0.0003295978905735003
"kobura",0.0003295978905735003
"kikilo",0.0003295978905735003
"khenneker",0.0003295978905735003
"kenloh",0.0003295978905735003
"kellyveroauthor",0.0003295978905735003
"kathham",0.0003295978905735003
"katchja",0.0003295978905735003
"kashifyounus",0.0003295978905735003
"kalgyimesi",0.0003295978905735003
"kai_hj",0.0003295978905735003
"k4innovation",0.0003295978905735003
"justinmassa",0.0003295978905735003
"jumpstarthk",0.0003295978905735003
"julie1research",0.0003295978905735003
"julian_hong",0.0003295978905735003
"josesomalo",0.0003295978905735003
"jonneiditz",0.0003295978905735003
"johnkoetsier",0.0003295978905735003
"johanlouwers",0.0003295978905735003
"joelucas",0.0003295978905735003
"joanncorley",0.0003295978905735003
"jlay02",0.0003295978905735003
"jim_mckeen",0.0003295978905735003
"jickson_ct",0.0003295978905735003
"jessgold_",0.0003295978905735003
"jenstangefjord",0.0003295978905735003
"jdrolle",0.0003295978905735003
"jdrayapudi",0.0003295978905735003
"jaypalter",0.0003295978905735003
"jaygoulart",0.0003295978905735003
"jarokrolewski",0.0003295978905735003
"jangles",0.0003295978905735003
"jamesturner247",0.0003295978905735003
"jamanegocios",0.0003295978905735003
"jain_ankit",0.0003295978905735003
"ittechbuz",0.0003295978905735003
"isioma_idemudia",0.0003295978905735003
"isicaulder",0.0003295978905735003
"introviz",0.0003295978905735003
"intelligent_ds",0.0003295978905735003
"instigating",0.0003295978905735003
"incredicat",0.0003295978905735003
"inUse_swe",0.0003295978905735003
"immersivegaze",0.0003295978905735003
"igeekUK",0.0003295978905735003
"ifodderi",0.0003295978905735003
"ibbyullah",0.0003295978905735003
"ianbailie",0.0003295978905735003
"iamsociallynina",0.0003295978905735003
"iamBrianGraham",0.0003295978905735003
"hostingsap",0.0003295978905735003
"hirajanwin",0.0003295978905735003
"hfjm",0.0003295978905735003
"hessica_ann",0.0003295978905735003
"hellotinman",0.0003295978905735003
"heidiotway",0.0003295978905735003
"heathercarey",0.0003295978905735003
"healthybrandco",0.0003295978905735003
"healthglobal",0.0003295978905735003
"hawkfx",0.0003295978905735003
"harmanjit",0.0003295978905735003
"hari_sting",0.0003295978905735003
"hansolo_",0.0003295978905735003
"hackertrail",0.0003295978905735003
"greenpact",0.0003295978905735003
"gp_und_services",0.0003295978905735003
"gokkii",0.0003295978905735003
"globaliqx",0.0003295978905735003
"glenbeer",0.0003295978905735003
"glebich",0.0003295978905735003
"giopagliari",0.0003295978905735003
"gh_systems",0.0003295978905735003
"gethanzo",0.0003295978905735003
"gerard_sgs",0.0003295978905735003
"geopast",0.0003295978905735003
"gemmarmoll",0.0003295978905735003
"geekynerdyone",0.0003295978905735003
"gavitla",0.0003295978905735003
"galacticbear",0.0003295978905735003
"gailmoody",0.0003295978905735003
"gadgetocosmos",0.0003295978905735003
"futuristpaul",0.0003295978905735003
"futureofgood",0.0003295978905735003
"futureof_work",0.0003295978905735003
"frankyblabla",0.0003295978905735003
"flpires",0.0003295978905735003
"flamuseums",0.0003295978905735003
"feriahikmet",0.0003295978905735003
"falko_schulz",0.0003295978905735003
"fabiozib",0.0003295978905735003
"zwenthe",0
"zumtesthier",0
"zuber_zeeshan",0
"zov911",0
"zoorillacafe",0
"zontziry",0
"zoharhod",0
"zloutfi75",0
"zkerravala",0
"zizoplus",0
"zerocrypted",0
"zenleegaming",0
"zeketorres1",0
"zehnplus",0
"zdub2010",0
"zcardltd",0
"zazouws",0
"zarkava",0
"zang0",0
"zairst1",0
"zaim_awang",0
"z_gharbi",0
"yynhr",0
"yvescarmeille",0
"yuvalmarton",0
"yuriypthv",0
"yuriykochetkov",0
"yuriquintana",0
"yugasa_joy",0
"yst13",0
"yourlisbonguide",0
"yourhelpsales",0
"youngersisters",0
"yolandevillemai",0
"yoko_g",0
"yoSoyTono",0
"yipcma",0
"ygg_studios",0
"yfranks",0
"yeswepump",0
"yentreeno1",0
"yegispnk",0
"yasanur",0
"yangste06838294",0
"yanapont",0
"yamaindustrials",0
"y2sconsulting",0
"xygZen",0
"xxxzuigenxxx",0
"xtbmxing",0
"xlabsja",0
"xikhuang",0
"xemeto",0
"xemagil",0
"xavimarce",0
"xaptic",0
"x_poisonlandi_y",0
"xX_otto_Xx",0
"xAlzeyx",0
"wxynot",0
"wsiabelpardo",0
"writingandjour5",0
"wowlibrarian",0
"wowcasanova",0
"worldwidecloud",0
"worldconcertrpo",0
"workethicsng",0
"wordsthatworkHI",0
"word_travellers",0
"wopr33",0
"wooldridgemike",0
"wjgreen888",0
"wiredsoup",0
"wings_around",0
"winegospel",0
"windowtonews",0
"windowofmytweet",0
"willstauff",0
"willempoterman",0
"wildlotusgirl",0
"wildeng",0
"wildcoffeemktg",0
"wijvantech",0
"wihe",0
"wickedheart34",0
"whypoint",0
"whyfollowherd",0
"whohearer",0
"whodadada",0
"whitleyb92",0
"whats_the_plan",0
"whaley_d",0
"wfavero",0
"westernmedia",0
"wesnichols",0
"wesleycomal",0
"wentzeldk",0
"wengen812",0
"wendytapperux",0
"wendysrusso",0
"wellthlearning",0
"weideJUR",0
"weditorial",0
"wedangteh",0
"webtechman",0
"webpageland",0
"webpage_tips",0
"webfx2digital",0
"webdriver",0
"weareoutofbox",0
"wayneconyers",0
"wavesandnumb3rs",0
"warrenwinston",0
"ward_vleegen",0
"warburg100",0
"wanza348",0
"walle75",0
"wallabycard",0
"wa3dbk",0
"vyvmldn",0
"vytautasalech",0
"vybhava",0
"vyasamoorthy",0
"vvpreetham",0
"vsfreethinkers",0
"vpfetter",0
"vperdana",0
"vp_talent",0
"vorotnykova",0
"vnifora",0
"vnasilva",0
"vm_one1",0
"vlights",0
"vlenxx",0
"vjhq",0
"vjaykokate",0
"vizrtpros",0
"vivianaesos",0
"viveksaini27",0
"vitopalasciano",0
"vitalyg",0
"visualpharm",0
"visiorules",0
"visionajans",0
"vishalgreat",0
"vishalchatrath",0
"virtualglfriday",0
"virtualed1",0
"virtualagility",0
"virtual_gurus",0
"viraltraffic2",0
"viralifyme",0
"vipsgupta",0
"vio1965",0
"vinsane38",0
"vinnybrooklyn",0
"viniciusalmeida",0
"vinayprabhu",0
"vinaykrisna",0
"vinayagamrk",0
"vilasp",0
"vijinboricha",0
"vijaynarayananp",0
"vijaykr_mishra",0
"vigneshriyer22",0
"vietincome",0
"vidalung",0
"victoria_holt",0
"victoralexiev",0
"victor_iyi",0
"vicsorensen",0
"vickimiko",0
"vic_kirvas",0
"vgirish",0
"vfx_ai",0
"vfone24",0
"vestergaardj",0
"veryableops",0
"vertex_it",0
"veridin",0
"veonszu",0
"venturewebdesig",0
"venkyshankar",0
"vedantvarma",0
"vcvg",0
"vcdave",0
"vburrows1",0
"vastgobi",0
"varindiamag",0
"varagic",0
"vanshkapil",0
"vanessaAnorth",0
"vancefitzgerald",0
"valion",0
"valinatar",0
"valerianbranco",0
"valdezign",0
"vacationdude",0
"v_alpin",0
"v4vix",0
"uzmeow",0
"uxtricksdesign",0
"ustasgame",0
"usqrd1",0
"urockradionet",0
"urockcliffe",0
"uriotnews",0
"upukcab",0
"unwiredasia",0
"unmannednews2",0
"unityassociates",0
"unifiedcomp",0
"unenergy",0
"underwoodchamp",0
"unclewaldo",0
"unclescotts1",0
"unbankedx_ico",0
"umeranes",0
"umassvdc",0
"ulisesguras",0
"ukre8",0
"ukdatageek",0
"uhofmann99",0
"uglylukes",0
"uelvius",0
"ucpmsinc",0
"ubuntu101za",0
"tyson_nye2020",0
"tynschouten",0
"txwikinger_ea",0
"twinmoon",0
"tweetmevegas",0
"tweetinsurances",0
"tweeetbay",0
"tw1963",0
"tvguideprime",0
"tuxgtraining",0
"tumytech",0
"tuhunugraha",0
"ttraill",0
"ttokano",0
"tsuder",0
"tsrangarajan",0
"tseamon",0
"tschmoderer",0
"tsadekola",0
"trysonix",0
"tryberg",0
"truemped",0
"trueblue51",0
"troywarren",0
"trin66",0
"trendquest",0
"trenaminudri",0
"traviskellerman",0
"translators",0
"translationscom",0
"transition57",0
"transhumanismus",0
"transfigurism",0
"training_risk",0
"traderstocksfx",0
"tracesdigitales",0
"tprstly",0
"toyinldr",0
"towards_AI",0
"touchpoll_kc",0
"totwooJewelry",0
"totoksoefijanto",0
"totajohn",0
"tosyokan",0
"toshi0104",0
"torresroberto",0
"torchmktg",0
"topuser_pro",0
"toplumvehukuk",0
"topconversions",0
"tonyfish",0
"tonyfeghali",0
"tomproost",0
"tomigou",0
"tomherdez",0
"tomheger",0
"tom_shibata",0
"tollguru",0
"togreigi21",0
"toddworld",0
"tobywneal",0
"tmllr",0
"tmayneord",0
"tleerwerk",0
"tkpnewyork",0
"tknowit",0
"tkdsl8655",0
"tinyquip",0
"tinawhitfield",0
"tinahoover",0
"timoz121074",0
"timothyslau",0
"timocontacts",0
"timngige",0
"timheiler",0
"timhartman",0
"timesync",0
"timentiming",0
"timcrammer",0
"timcarmical",0
"tim_harper",0
"tillSD",0
"tienwong",0
"tieboston",0
"tidyapp_data",0
"tictocworld1",0
"thyraxx",0
"threesixtypro",0
"threat_news",0
"thought_academy",0
"thomricci",0
"thomretterbush",0
"thomasmartinsen",0
"thomasheimann",0
"thomashaida",0
"thisisjeffrey",0
"thirduniversity",0
"thinktriarc",0
"thinkstrategies",0
"thinkfuture",0
"thinkb2b",0
"thingfully",0
"thierry_warin",0
"thibtalk",0
"thibaudguymard",0
"thiagoleych",0
"theurbanpeople",0
"thetrom",0
"thetechnewsblog",0
"thestartupmag",0
"therealmarkpain",0
"therealbengreen",0
"therealFilAm",0
"thepalmapp",0
"thepainterflynn",0
"theorbitalab",0
"theonkloppers",0
"theolynn",0
"theo_aggelop",0
"thenextstepsllc",0
"thenerdscloset",0
"themosesproject",0
"themattcollins0",0
"thelondonuni",0
"thelisgeist",0
"thelessonguide",0
"thegreenwords",0
"thefrontendcat",0
"thecryptorian",0
"thechangeman",0
"thecareerking",0
"thebestva",0
"thebestofthelot",0
"thebastardlibra",0
"thealexfreeman",0
"the_dej",0
"the_curries",0
"theTimoyer",0
"theSASquatchnet",0
"thePIForg",0
"the1bitcoinbot",0
"thcsoy7",0
"thE_iNviNciblE0",0
"tg140tom",0
"tftb",0
"tetoroi",0
"testingmindcon",0
"terop",0
"tequilatech",0
"tellcar",0
"tekstenr",0
"tekkaus",0
"teergsnaj",0
"teemuz",0
"tecnbiz",0
"techwomenuk",0
"techutzpah",0
"techteaser",0
"techtalks",0
"techsee_me",0
"techsarung",0
"techpitch4pt5",0
"technoradar",0
"technologytales",0
"technologicalee",0
"technobozo",0
"techmgmtdaily",0
"techflypaper",0
"tech_timc",0
"tech__stack",0
"techUhuru101",0
"teamrework",0
"teamrampantlion",0
"teampackersblr",0
"teamVirid",0
"teaconnexions",0
"tcwilkes",0
"tchncllyspkng",0
"tcbmliu",0
"tbenkel",0
"taxreliefpros",0
"tavavoom",0
"tatianamejia",0
"tathan",0
"tarun73",0
"taruervio",0
"tarotdirections",0
"tariqanwarnoor",0
"tara_house",0
"tara040611",0
"tanzmax",0
"tanyagoodin",0
"tandriamirado",0
"tampalini",0
"talyre",0
"tallenhanes",0
"talksouk",0
"talecco",0
"takehp",0
"take3dvd",0
"taimur_org",0
"tahir4tahir",0
"tagifyio",0
"t_aka_nori",0
"tHanKyouilOvEit",0
"t2j_k",0
"szk_monc",0
"systemlifeline",0
"syndicatedmaps",0
"sylvaingourvil",0
"sycom",0
"swisstorage",0
"swissbusiness",0
"swiertz",0
"swerdloffesq",0
"sweekrith",0
"swarnajyoti",0
"svanbrunt",0
"svagaral",0
"suzx",0
"susfry",0
"susansmithmktg",0
"susanneshi",0
"susanneovation",0
"susanne49",0
"surveil97378999",0
"surabhi140",0
"supportfinity",0
"superdatasci",0
"superawesomenrd",0
"suparoops",0
"supa_ai",0
"sunnymshah",0
"sunmaistudios",0
"summersailor",0
"sumit211297",0
"sukerkar",0
"sujatvis",0
"suissegarde",0
"suhas_surse",0
"sugashwar",0
"suffixtree",0
"sudhanshu9655",0
"suddenpanic",0
"successmakers18",0
"stunningmatures",0
"stugod",0
"stuentwistle",0
"studentrenter",0
"stuckjes",0
"stuartbruce",0
"stridegroup",0
"streachaustin",0
"strategahub",0
"storyspring",0
"stoodder",0
"stonekaiju",0
"stockspotify",0
"stocknotifier",0
"stiviekirschner",0
"stglogistics",0
"stewartirvine8",0
"stevewhiting",0
"stevens1",0
"stevenmonahan77",0
"stevenhealey",0
"stevengustafson",0
"stevemcgriff",0
"stevemann",0
"stevejohnson008",0
"steveDsmart",0
"stessacohen",0
"stereimann",0
"stephenpalmer",0
"stephendale",0
"stephenbuck",0
"stefansmek",0
"stefanscloud",0
"stefanobendandi",0
"stefanbell",0
"stefanagustsson",0
"stefan_eriksson",0
"stef_christofer",0
"staywithr",0
"startupslebanon",0
"startup_ash",0
"starttoinspire",0
"start_up_uk",0
"staffordboase",0
"ssyz1988",0
"sstofflet",0
"ssanderson101",0
"ss_aravind",0
"sripolaki",0
"srini_venkat",0
"srifer",0
"srendgen",0
"sre45",0
"srbvi",0
"srazek",0
"srab2001",0
"spyseeromero",0
"spyc1",0
"sptrainingcente",0
"spillteori",0
"spiegelschrift",0
"spicy_spice",0
"sphoodnet",0
"speckhard",0
"spain_property_",0
"spacecraftPSC",0
"sowmyasofia",0
"soundsezee",0
"soumiksf",0
"soultravelers3",0
"sotostips",0
"sophfenton",0
"soniyamathur96",0
"soniaidsilva",0
"soniadima",0
"songbird_63366",0
"solutionsLab",0
"solofo",0
"solmaxion",0
"soliver",0
"solbilbaolopez",0
"solarsolnsteam",0
"sokkari",0
"softwareguru1",0
"softwaregeek",0
"sofianeherida",0
"sofcookies",0
"society_sir",0
"socialneerav",0
"socialfeels",0
"socialcandy",0
"socialNONmente",0
"socialMOOC",0
"sobeditor",0
"snepal23",0
"snayyss",0
"sna_social3",0
"smkfed",0
"smboro",0
"smartydigital",0
"smartoptimus",0
"smartificialife",0
"smallbustips",0
"smallbusfocus",0
"small_cells",0
"slnged",0
"sliceonline",0
"slbootcamp",0
"skynet_io",0
"skykhann",0
"skyeemerson86",0
"skulbir",0
"skuidify",0
"skp1621",0
"skjekkeland",0
"skip7547",0
"skilleddynamics",0
"skeptycal",0
"skazan",0
"skaragiannis",0
"sjcrisp",0
"siusoon",0
"sirvincentph",0
"sirpapentt",0
"sirlordio",0
"sirajs0l",0
"siprasad",0
"sipgroup",0
"sincadena",0
"sinarquitectura",0
"simplexityware",0
"simplerulesres1",0
"simonwithey",0
"simonraikallen",0
"simonjhughes",0
"simonech",0
"simondbell",0
"simon_chenu",0
"silverstar22b",0
"silverphoto1",0
"silkccut",0
"sightmachine",0
"siengchong",0
"sibamedia",0
"siamangltd",0
"shyento",0
"shyamvaran",0
"showhousejobs",0
"shortnews4you",0
"shooteyeout",0
"shoemaker_m",0
"shoebhakim",0
"shivarammn",0
"shivanathd",0
"shirojean",0
"sherwynsingh",0
"sherrysg",0
"sherirosen",0
"shellisxena",0
"shelearner",0
"shekheraryan",0
"sheikhali",0
"shazrinjb",0
"shawngoodin",0
"shawnershad",0
"sharonmarkovsky",0
"sharma_kshitij",0
"sharlenellopez",0
"sharepoint_week",0
"shannonpeel1",0
"shannonjohlic",0
"shankar1242",0
"shanesuttonart",0
"shanemdowd",0
"shabbu_sha",0
"sgtgary",0
"sgbruckner",0
"sftware",0
"sfbayviewhp",0
"severencemacla1",0
"seven_questions",0
"setsunaexia0801",0
"sethusathya",0
"sestelo76",0
"servicesmobiles",0
"servantofchaos",0
"serkancura",0
"sergiopi",0
"sergiogomezh",0
"seolanka",0
"seokevin380",0
"seoego",0
"senageeks",0
"sell_crypto",0
"sekayee",0
"sefox",0
"seetechnologic",0
"seedoflife",0
"securiti22",0
"secureslinger",0
"secunoid",0
"secretbeautymag",0
"seanpkearney",0
"seanmoran2012",0
"seanashe",0
"seanareid",0
"seamlessocial",0
"sealord",0
"seadahmetovic",0
"sdiedericks",0
"scyuen",0
"scsearle",0
"scrEaMing_mANgo",0
"scottsargis",0
"scottmckain",0
"scottdgunther",0
"scott_nalick",0
"scotchline_",0
"scorpion1958",0
"scorpiol13",0
"scocagle",0
"schurli666",0
"schroeshirecat",0
"schooldanger",0
"schach24",0
"scalamai",0
"sbosque",0
"sblos",0
"sbepstein",0
"sbeckwith23",0
"savvysocialmom",0
"sathish_ganesh",0
"sassoon_g",0
"sashastiles",0
"sas_nordic",0
"saritabhatt",0
"saraharliss",0
"sarah_nance",0
"sarabesqued",0
"saplinglexi",0
"saphyreblue",0
"santi_oller",0
"sankar58910907",0
"sanjugopi",0
"sanjith_menon",0
"sanjeevleader",0
"saniagu11042174",0
"sandygautam",0
"sandra4jarvis",0
"samturpin",0
"sampyxis",0
"sammyhawkrad",0
"sami_saied",0
"samfemino",0
"samepoint",0
"samedayserves",0
"samcaucci",0
"samay99",0
"samacharlive",0
"salschmidt",0
"salopdesign",0
"sallykwitt",0
"salesandtonic",0
"salesXchange",0
"sajidmirza",0
"sainoz",0
"sahilcbhardwaj",0
"saffronistah",0
"safetyforge",0
"saeedbabar",0
"sachinjsh",0
"sabywaraich",0
"sabbah",0
"saajida_a",0
"s_freemantle",0
"rzf",0
"rynki24",0
"ryantstockton",0
"ryannguyentt",0
"ryanfaisal11",0
"rwh_at",0
"rvp",0
"rvillanuevarios",0
"rvilla_nmsph",0
"ruthdfw",0
"russfrith",0
"ruk_dev",0
"ruimiguellopes",0
"ruchirpande",0
"rubenroa",0
"rtt_retail",0
"rtkcham",0
"rshooter",0
"rshankarsharma",0
"rseltrecht",0
"rschwartz001",0
"rrivaldo",0
"rpvega",0
"rpjxnniekim",0
"rpilney",0
"rpersivale",0
"rpangeles",0
"rottenwifi",0
"rotaryinthevlly",0
"rosiex",0
"rosenbergann",0
"ronvrn",0
"ronlocke",0
"ronkoch2",0
"ronit26530",0
"rondon",0
"ronaldhermans",0
"ronald_dolleman",0
"roll_n_code",0
"rolebot_io",0
"rohitrevo",0
"rohitashchandra",0
"rohanccc",0
"rogben",0
"rofo66",0
"roesslerj",0
"rodrigo_blogs",0
"rodiapp",0
"rod_parks",0
"rochorbeancurd",0
"rochbenritter",0
"roccoschell",0
"robterhedde",0
"robstoltz",0
"robotusername1",0
"roboticsandai",0
"robiriondo",0
"robinyearsley",0
"robinravi",0
"robinkayh",0
"robhegnervoice",0
"robgagnon",0
"robertoghiaroni",0
"robertkennedy3",0
"robertBird5",0
"robcarroll",0
"robaitken",0
"rnnslow",0
"rmvp_apac",0
"rlingle",0
"rlafayette",0
"rkuypers",0
"rjmpccom",0
"rj3sp",0
"rizwanalam14",0
"riyaz7us",0
"riyaaz",0
"riverparkpsych",0
"rituparn",0
"ritters90",0
"risorseumane_HR",0
"rippletrend",0
"rinkidhiman771",0
"rik_wagter",0
"riittagirl",0
"rihamsatti",0
"rigilcorp",0
"righteousness1",0
"rifat_sheikh",0
"rienatwork",0
"rickdware38",0
"rickcrouchpi",0
"richmondhill007",0
"richelmore",0
"richardraats",0
"riccardo_iommi",0
"riannefijten",0
"rhpsystems",0
"rhochrieser",0
"rgoyal3",0
"rgonv",0
"rfindery",0
"reworkhollie",0
"reworkEllie",0
"revelimckenzie",0
"retreats2Lisbon",0
"retracement",0
"retailmarketing",0
"reshapd",0
"rescomHPC",0
"rennie62",0
"reneclayton",0
"relishyourdata",0
"relativelyr",0
"reinaldodelgado",0
"regoczim",0
"reg_nerd",0
"reftechrob",0
"redsand74",0
"redsalvavidas",0
"redroompodcast",0
"redrabbitskills",0
"redhatdave",0
"redcrosse10999",0
"redapron",0
"recruiterkittya",0
"recoveringtekie",0
"rebeccamitchell",0
"rebeccabarkin",0
"rebecca_szmidt",0
"reasonable",0
"realvaith",0
"realtywebin",0
"realtyoptimist",0
"realmatrix",0
"real_melk",0
"realMarkCrowley",0
"realHeikoWagner",0
"realHayman",0
"readyforthenet",0
"re_wording",0
"rdy2gointernshp",0
"rdstone",0
"rcgonzalezf",0
"rby403",0
"rbhall",0
"raywhitestt",0
"raylovett",0
"rawsteamradio1",0
"ravichar",0
"ravi_venk",0
"rationalsquad",0
"raswak",0
"rasikabhat",0
"rankingCoach_PT",0
"ranga_sumanth",0
"randyfuller1",0
"randybiztravel",0
"randelaw",0
"ramoncod",0
"ramgbs62123",0
"rameshbabua",0
"ralem",0
"rainturtle",0
"raingal7",0
"raikasarkett",0
"rahulshingi",0
"rahulpatelDS",0
"rahulcsaluja",0
"rahul21lal",0
"ragnagho",0
"rafa_callcenter",0
"radenkovic_fr",0
"rachelgwaltney",0
"rachelcooke_hpe",0
"rachadelasri",0
"rHour",0
"qutakfirealarm",0
"quiestrho",0
"questimates",0
"quantumesque",0
"quality_nmsph",0
"quabusolutions",0
"qsjose",0
"qisback",0
"pythoninformer",0
"pythiccoder",0
"pyrgosnews",0
"pymesoncloud",0
"pyjaime",0
"pwnrome",0
"pw002662",0
"pvinagerasc",0
"pvdheuvel76",0
"pvanimpe",0
"purplr",0
"puppet_ebooks",0
"punktefrau",0
"pumpersniff",0
"pubbliwp",0
"ptiongson",0
"psuek",0
"psrayburn",0
"prudentcloud",0
"proxzar",0
"provisionlab",0
"pronoic",0
"projectSEDA",0
"profuturists",0
"proeyecareja",0
"procure_tweets",0
"probestrev",0
"prizmatics",0
"prismrm",0
"printspecial",0
"primedmedia",0
"preydata",0
"prettyzoely",0
"presupuestospc",0
"presidentdalby",0
"presencemgmt",0
"prem_k",0
"predictivemktng",0
"prcote",0
"praveenax",0
"prateekpanda441",0
"prashantwosti",0
"prakashd",0
"pragna_technolo",0
"pr_pig",0
"pr0gramming",0
"ppl_cheryl63",0
"ppickhan",0
"pparris9",0
"postoff25",0
"postoditacco",0
"positivelyscoob",0
"pornfreedomnow",0
"popskank",0
"poppixlimited",0
"poppageddon",0
"popcultdeejah",0
"poortals",0
"poojakamthe60",0
"pondtechglobal",0
"pnuojua",0
"pmsurya",0
"pmmorgan003",0
"pmcgreal",0
"pm_girl",0
"plus530",0
"plus353studio",0
"ploberman",0
"planthiredirec",0
"plancet",0
"plagiatcoin",0
"plabrop",0
"pkokki",0
"pkaushik_",0
"pjlucidi",0
"pj_ruch",0
"pixr8",0
"pixfan",0
"pixelpump",0
"pivotlabsinc",0
"pippinproject",0
"pinman",0
"pinballeffect",0
"pilot77",0
"pigbar",0
"pier_vandamme",0
"pickledevkd",0
"phoenix2life",0
"philozopher",0
"phillipgibb",0
"philippeback",0
"philinhongkong",0
"phherlin",0
"phas3two",0
"phacient",0
"pgerwill",0
"pgeissert",0
"pgei",0
"pfnickel",0
"petrangr",0
"peteswildlife",0
"peterzsola",0
"peterwohlgemuth",0
"petervhale",0
"petersweb2018",0
"peterpetch",0
"peterlangela",0
"peterhatlem",0
"petergorla",0
"peterabel_",0
"peter_monien",0
"peter_borden",0
"peter230769",0
"personalubicomp",0
"perrytheimp",0
"permagriculture",0
"perlfox",0
"pepinalexandre",0
"pepecamil",0
"peoplesearches",0
"peonkun",0
"pensa_systems",0
"pennewstweet",0
"pemo",0
"pelias01",0
"pekatkata",0
"pedrosocialme1",0
"pebblebayembedd",0
"pdesperrier",0
"pdenayer",0
"pdematteis",0
"pcrumm",0
"pchelptech",0
"pcarvao",0
"pazborriello",0
"paydology",0
"pawandigitalsem",0
"paviodmuniz",0
"pavan_dhillon",0
"paulyscifi",0
"paulvalach",0
"paulscooking",0
"paulsauve46",0
"paulroetzer",0
"pauloflaherty",0
"paulmichaelking",0
"paulmearsuk",0
"paulleroy",0
"paulgoade",0
"paulcubbon",0
"paulclegg",0
"paulbar_1",0
"paulatapia14",0
"pattywoodley",0
"pattycavazos_",0
"patrizi62340515",0
"patrickhealy",0
"patrick_s_smart",0
"patriceremeur",0
"pathadnagy",0
"pastortim7366",0
"pareshgupta007",0
"parentnashik",0
"pantelisg",0
"panoskazanelis",0
"panoptika",0
"panoplyio",0
"pandimensionalb",0
"pandeyanand740",0
"pamifloshop",0
"pamantas",0
"pairedsourcing",0
"paintersportal",0
"pailabteam",0
"paidgeek",0
"pageman",0
"pabebbington",0
"p4padraigwalsh",0
"oztechguy",0
"ozmox",0
"ozdarren",0
"ovate_cta",0
"outilammi",0
"osmancakirio",0
"oskthu",0
"oshadac",0
"oscarbarrosoh",0
"oscar23sm",0
"osalvas",0
"ortolano",0
"ornelabardhi",0
"orlandorussian",0
"originalsue",0
"orientaliceo",0
"organichat",0
"orchinib",0
"orangecoly",0
"orameil",0
"opla_ai",0
"open_sf",0
"opcentral_au",0
"ontechuk",0
"onlinetools",0
"onitrecruitment",0
"onenetwork",0
"omshivaprakash",0
"omegapartners",0
"omarmangeli",0
"olympus1112",0
"olletsoc",0
"olivierparfait",0
"olivier_vattier",0
"oliviaptallet",0
"oliverlennon",0
"oliver_davis",0
"olgag",0
"olga_rotanenko",0
"okrhosting",0
"okawa6874",0
"okapitech",0
"ofcomCHen",0
"odontologiacbba",0
"oddtime",0
"odbol",0
"ociollc",0
"ocean20182018",0
"obspascal",0
"obrienwrite",0
"nywhoever",0
"nymomsworld",0
"nyike",0
"nursefriendly",0
"nubiahoodradio",0
"ntpowerbi",0
"nscibetta",0
"nquibria",0
"nowsourcing",0
"novuscory",0
"notjillwong",0
"notary_greg",0
"nostresslifesty",0
"norwin",0
"northern_ghana",0
"norconsultph",0
"nobsato",0
"nmitch",0
"nmarun53",0
"nlonergan",0
"nleeder",0
"nlasnoski",0
"nkmalani",0
"nkhrtks",0
"njxxllc",0
"njssnjss",0
"njco2design",0
"nizarnizaro",0
"nitesh_marwaha",0
"nineleaps",0
"nimowambui",0
"nileonweekends",0
"nilaytejanani",0
"niksimms",0
"nikki_conway_21",0
"nikitaljohnson",0
"nigeriaanchor",0
"nigelmarkdias",0
"nidge1uk",0
"nidecristofaro",0
"nicolynx",0
"nicolasclbr",0
"nicolacois",0
"nickruickoldt",0
"nickm007",0
"nicholas_redhat",0
"nicheprof",0
"nicaudie",0
"nhaverick",0
"nextralis",0
"nextflownet",0
"nexivocare",0
"newspigNews",0
"newsgraphics",0
"newsdiva",0
"news_centurion",0
"newharbordesign",0
"newdawn_33_wwwb",0
"nevitdilmen",0
"neurokinetikz",0
"netskyf",0
"netsi1964",0
"netmedianer",0
"neternity",0
"nescio",0
"nerdstalker",0
"neo_keys",0
"nellsn1",0
"neiltwitz",0
"neilsalt",0
"neilmence",0
"neillloyd1974",0
"neiljpearce",0
"neil_j_green",0
"nehavermaa152",0
"neeliexo",0
"neckgoes",0
"ncockerh",0
"nbrien8856",0
"nbenyounes",0
"navintllc",0
"nasmu",0
"nardnahcalab",0
"nanopuppet_m",0
"nanoluis_bastos",0
"nameshosted",0
"naithom",0
"nahbucks",0
"nabinkm",0
"nabil_faraz",0
"naberacka",0
"nabeelmahmood",0
"naashonomics",0
"nGage_IoT",0
"n0_futur3",0
"mzeid4real",0
"mytowntutors",0
"myriamjessier",0
"mynerdizzles",0
"mynameisIme",0
"mykwltstudios",0
"mydogateart",0
"mydiscounttech",0
"my_kokua",0
"mwbasuccess",0
"mwattsdev",0
"murtaza_fazal",0
"multix2020",0
"multi5mba",0
"muhammadscript",0
"muadzin",0
"mtzouvelekas",0
"mtviveiros",0
"mtrends",0
"mtngry",0
"mtlnewtech",0
"mthubiere",0
"mtasic85",0
"mstic",0
"msstalin7",0
"msoskil",0
"msmitchell357",0
"msleebali",0
"mschwachter",0
"mscavazzin",0
"mrushie",0
"mrsn",0
"mrs_frenchQAS",0
"mrroboadvice",0
"mrnavas",0
"mrktmix",0
"mrhoffman",0
"mrgianluca",0
"mrclng",0
"mpsavage",0
"mpommella",0
"mountiemania",0
"mounirnejjai",0
"motorcycle_guy",0
"morrispeders",0
"morramadesign",0
"morb01",0
"mor_setup",0
"moo0000",0
"moneyreturnpro",0
"moncur_d",0
"mommyguru",0
"mommanoo",0
"mojosd",0
"mohrKPMG",0
"mogocrm",0
"modernedge",0
"moderncreatif",0
"modarchitect",0
"mobile_coach",0
"mobildimension",0
"mo_szy",0
"mnpr",0
"mmorell",0
"mmeshenberg",0
"mmalioris",0
"mmagbee",0
"mllemire",0
"mktgmike",0
"mkronen",0
"mknta",0
"mkhresearch",0
"mkazazis",0
"mjmullady",0
"mjhensler",0
"mithunsugur",0
"mitgc_cm",0
"miteamshirts",0
"misterfanning",0
"misshayleykay",0
"mirv_pgh",0
"mirtaimperatori",0
"miriamslozberg",0
"mircopasqualini",0
"miquelmora",0
"minsehira72",0
"minomon",0
"minicooper",0
"milosdju",0
"milfordonmove",0
"milamberrex",0
"mikkoarmila",0
"mikey_shoe",0
"mikey3982",0
"mikewirth",0
"mikewill37",0
"mikestramaglio",0
"mikelor",0
"mikelking",0
"mikelisa800",0
"mikekakuk",0
"mikekaestner",0
"mikebroyles71",0
"mikebowyer1",0
"mike_daly1",0
"mike2burkhardt",0
"mikaelfidjeland",0
"miiacom",0
"midousujikun",0
"mickyj",0
"mick_hoff",0
"michelejmartin",0
"michelefranzese",0
"michel_romanino",0
"michaels_ogrady",0
"michaeloller",0
"michaelleander",0
"michaeldacosta",0
"michaelamusto",0
"michael_warren",0
"michael_hilb",0
"mia_anderberg",0
"mhamedmahmoud",0
"mhaklidir",0
"mhajim_central",0
"mgranatelli",0
"mfioretti_en",0
"mfavourite",0
"mesterman",0
"mesfinyilma1",0
"merterkol",0
"merrybubbles",0
"meritandgrace",0
"mercegamell",0
"mercdeguardiola",0
"merapps",0
"meneer",0
"melvinmanchau",0
"melmcveigh",0
"melchizedekwife",0
"megadix",0
"meg_n_mcintosh",0
"meetastrid",0
"mednewsguy",0
"medifi",0
"mediarausch",0
"mediafrendzee",0
"medi8solutions",0
"meddelem",0
"medablog",0
"mdonovin",0
"mcordioli",0
"mchillingworth",0
"mcgallen",0
"mcastmedia",0
"mcantamessi",0
"mcanducci",0
"mbrust",0
"mbalogh",0
"mayuanling99",0
"mayportuguezc",0
"maykesplana",0
"maxturci",0
"maxpruv",0
"maxplante",0
"maxinemaxxy",0
"maxhillier",0
"maxgoyo",0
"maxdemooijsr",0
"maxbpv9",0
"maurolupi",0
"maungle",0
"mattiaskindell",0
"mattia_reggiani",0
"matthias_puls",0
"matthewgrotheer",0
"matters_data",0
"matteorossini",0
"matteobianchini",0
"mattcg",0
"mathieugretry",0
"matafelipe",0
"masssly",0
"marykeeling",0
"marybueno_rpa",0
"marvinjr",0
"marty_resnick",0
"martincschmalz",0
"martincallan",0
"martin_english",0
"martijn_ras",0
"marsundet",0
"marslantunali",0
"marshallalston_",0
"markupgrade",0
"markov_yuriy",0
"markhundley",0
"markfones",0
"marketingdebbie",0
"marketduke",0
"markeefoster",0
"markedwards",0
"markallenmobi",0
"mark_o_carroll",0
"mark_morin",0
"mark_fallows",0
"mariusoko",0
"marismediaca",0
"marisastoneo",0
"mariorossinet",0
"marierleslie",0
"marielouisefalk",0
"maricruztaboada",0
"mariauxpen",0
"marianokon",0
"marianbyte",0
"mariajayi",0
"mariacattini",0
"mareana_digital",0
"mardibum63",0
"marcopozzan",0
"marcopizzo",0
"marcopederzini",0
"marclijour",0
"marchoutgraaf",0
"marcelhogenhout",0
"marc_f",0
"marbilstein",0
"manuelschaeffer",0
"manpreethere",0
"manoharparakh83",0
"mannixlab",0
"mandedaily",0
"mandar_kk",0
"mananthprabhu",0
"malonso21",0
"malikanura876",0
"malihaatique",0
"malfletcher",0
"malekjaber",0
"makeroomglobal",0
"maica_",0
"mahesh898579",0
"mahdinmk",0
"magolnick",0
"magnuscollin",0
"madunix",0
"madscatter",0
"madakilum",0
"macruise19",0
"macressler18",0
"macmiri1",0
"machiiicomp",0
"mac123",0
"m_vrijhoef",0
"m_shivaji",0
"m_drez",0
"mORGANICo_cOM",0
"mHealth_Africa",0
"mADtivity",0
"m2digitals",0
"lyonsdigital",0
"lyn_hay",0
"lv1999",0
"luscioustech",0
"lundiz",0
"lumenprize",0
"lumegtech",0
"lujzabubanova",0
"luisenrgonzalez",0
"luisella",0
"ludwigschreier",0
"lucpyark",0
"luckiez78",0
"lucianocunha",0
"luchito",0
"lucassevilla",0
"lucamarchesotti",0
"lucaaleone",0
"luc_biever",0
"lualnu10",0
"lpuzone",0
"lozanojavier",0
"lovewhatyoudotv",0
"lovetoeatalways",0
"loup_dargent",0
"loungebook",0
"lotadata",0
"lordalex",0
"loran",0
"lopezgovlaw",0
"loophold",0
"lookthemonkey",0
"loic_pfister",0
"logz05",0
"logisticsunit",0
"logicearth",0
"loeweh",0
"localsearchinfo",0
"localbysocial",0
"lleogurl",0
"lkafle",0
"ljanes",0
"lizettealvare15",0
"lizaest",0
"livepositive_uk",0
"lisuto_ai",0
"list_pot",0
"lissom",0
"lisaiceland",0
"lionbytes",0
"linneakirgan",0
"linkedlocalnet",0
"linc0lnpark",0
"lillyspio",0
"liliane_bara",0
"lili_fdez",0
"lifestylesultan",0
"lifereinsurance",0
"liberrygrl",0
"lhbalance",0
"lexorati",0
"leviaingenia",0
"letsbashit",0
"letkidsplay",0
"lerma_blasco",0
"leppitsch",0
"leodc",0
"lensjockey",0
"lendk3",0
"lending_patriot",0
"lelapin",0
"legendt",0
"leejoeyk",0
"leejik",0
"leedrake",0
"ledgeviewcrm",0
"led_support",0
"lecroy_markus",0
"lecaptainweb",0
"lecairn",0
"learnnearn1",0
"learningrefract",0
"learnerslife",0
"leadadvisor",0
"lead411",0
"lawrence_author",0
"laviniacinca",0
"laurie_drew",0
"laurentinweb",0
"lauradidio",0
"larssonzita",0
"larrychris_",0
"larrybruce67",0
"lanrelewis",0
"landyinsurance",0
"lampmagician",0
"lamirin",0
"ladygwenavear",0
"ladyburda",0
"labdaddytravel",0
"lSilvial",0
"kwalitisme",0
"kvashee",0
"kurzsolutions",0
"kurtfrenier",0
"kurmanstaff",0
"kunlqt",0
"kungenochslaven",0
"kumaran_s",0
"kuentaquentos",0
"ktkjellerup",0
"kroche",0
"krnlsco",0
"krkorthals",0
"kristin_helps",0
"kristiahord",0
"krish_ramineni",0
"kravlani",0
"kpranke",0
"kprakashhn",0
"kpodnar",0
"kpilibrary",0
"kommoptimierer",0
"kola_",0
"kokosnuss",0
"kojouharov",0
"kobewan",0
"koahandrayne",0
"knoyes75",0
"knowaging",0
"kmurphywebdev",0
"kmevangelist",0
"kmchouse",0
"kmarketing_",0
"kloia_com",0
"kloewen",0
"klenner",0
"klconsultingIT",0
"kkanakas",0
"kjuman",0
"kjtmarketing1",0
"kizerandbender",0
"kitson",0
"kirstenrourke",0
"kipandgary",0
"kinkysdolls",0
"kindwarrior",0
"kimnielsen",0
"kimknilsson",0
"killerbyte",0
"kikesahun",0
"kieranmorris196",0
"kharadidanish",0
"khalidraza9",0
"kgrzy",0
"kgapo",0
"kfwhiteaya16",0
"kfrancoi",0
"kfiveson",0
"kevwe09",0
"kevinmic",0
"kevinhoneycutt",0
"kevinclementscc",0
"kerorokero",0
"kerijaehnig",0
"kenyob",0
"kentonsmith",0
"kenpolotan",0
"kennitala",0
"kennethholley",0
"kennburrola",0
"kenanatalay",0
"ken_frost",0
"keithneisler",0
"keithmartin139",0
"keithdahl",0
"keithbucknall",0
"keirholl",0
"kefukar",0
"keesdenhartigh",0
"kc_techlawyer",0
"kb2227",0
"kayvan_f",0
"katzy",0
"katwife",0
"kathyswanson",0
"kathydelauro",0
"kathanvyas",0
"kathannmack",0
"karthika",0
"karthickciyer",0
"karoliina_ranne",0
"karnan99",0
"karlfreund",0
"karlfischer_biz",0
"karidbn",0
"karensrba",0
"karenkornbluh",0
"kapoor_sumit",0
"kapital_online",0
"kapilgairola",0
"kapildabi",0
"kamyousaf",0
"kam_egy_uk",0
"kalotem",0
"kaizenfactory",0
"kaffeinated",0
"kaedepapa",0
"k8bischHRLaw",0
"jwilluva",0
"jwillie",0
"justmikeyates",0
"justinstark_ibm",0
"justinrains",0
"justindtaylor",0
"justgrubb",0
"justcoachit",0
"justbookitnowco",0
"justaskdan",0
"juscopenhagen",0
"jurczyk",0
"junmhoon",0
"junehsieh",0
"jumeisetyo",0
"julz_james",0
"juliedeJongh",0
"julianna12369",0
"julianfperez",0
"julian_shaw",0
"juhojokinen",0
"judyb",0
"judith_livia",0
"juandoming",0
"juan_ortz2",0
"jtxxuu",0
"jsphelan",0
"jschullersc",0
"jrochesf",0
"jrmorrison",0
"jrkuhns",0
"jringer604",0
"jranil",0
"jpsaliou",0
"jprusnick",0
"jpointon",0
"jpeMEDIA",0
"jpceasyas123",0
"jpblog_techno",0
"jpalioto",0
"jpabecilla",0
"joyclee",0
"journeyfoods",0
"josortega01",0
"josnyS",0
"joshyjf",0
"joshuaothmane",0
"joshuamschultz",0
"joshaball",0
"josepmprats",0
"josecotto",0
"joseacarpio",0
"jorgebarba",0
"jorge_albarran",0
"jonpetersen",0
"jonlehtinen",0
"jondknight",0
"jondavey",0
"johnrmatthews",0
"johnnyballard",0
"johnnorra1",0
"johnleemedia",0
"johnkmcleod",0
"johnjmcmonagle",0
"johninmacc",0
"johnellisdublin",0
"johndjohnsonusu",0
"johndelacruz",0
"johndczerwinski",0
"johncyclejohn",0
"johncwalsh",0
"johanlangenberg",0
"johanjacobs21",0
"joeyfrasier",0
"joey4biz",0
"joel_bassani",0
"joechin13",0
"joe_weber",0
"joe_mx_149",0
"jobsinai1",0
"jobcastnet",0
"joaquinmarques",0
"joannejk1",0
"joan_sensenic",0
"jntweets",0
"jnsuryaprakash",0
"jnolfo",0
"jmsabate",0
"jmattos2001",0
"jma_bdtips",0
"jlstvnsn",0
"jlbrowning",0
"jiteshujain",0
"jisnubasu",0
"jishmachandran",0
"jimcookukthink",0
"jicelte",0
"jhibbets",0
"jgtussey",0
"jgoldn01",0
"jglass8",0
"jfmaeder",0
"jflyons",0
"jessrobin96",0
"jessievaz12",0
"jessicakeralis",0
"jensenmatthews_",0
"jensbrown",0
"jennyQchai",0
"jennifersteckel",0
"jenndimaria",0
"jenmaderhold",0
"jeffsalladay",0
"jeffreynunn",0
"jefbel",0
"jedifireblade",0
"jeanphony",0
"jdruotolo",0
"jdmorenob",0
"jdktechnologies",0
"jcgoncalves",0
"jccarcamo",0
"jcaponsacco",0
"jc_pzz",0
"jcFerrin",0
"jburnsconsult",0
"jbsolutions2008",0
"jayzaidi",0
"jaymchugh",0
"jayddoyle",0
"jaydaprile",0
"jasprice",0
"jaspervbochove",0
"jasonrepa",0
"jasonnurse",0
"jasonkronemeyer",0
"jasonaugustine_",0
"jason_reagan",0
"jason__m_",0
"jashykins",0
"jarettr",0
"janpeterbouter",0
"janetrotter2",0
"janbein",0
"jamwithkarthik",0
"jamodio",0
"jamiecbarnett",0
"jamiebunn",0
"jamianne1",0
"jameswlord",0
"jamespotter_UK",0
"jamesdotcuff",0
"james_tyler1980",0
"james_addicott",0
"jalex206",0
"jakubhejdukit",0
"jaivelu",0
"jaisGZH",0
"jaimefitzgerald",0
"jahan_engr",0
"jacobjuhhh",0
"jackccrawford",0
"jacarandachick",0
"jabsrs",0
"jabi_gko",0
"jabbaTM",0
"jabarot",0
"j_puentealto",0
"j_edwards_photo",0
"j9heck",0
"j3ffyang",0
"iyadabumoghli",0
"iwan284",0
"ivovandam",0
"ivan_vargas_l",0
"iulian_neagoe",0
"itzswanson",0
"itylergarrett",0
"itvc_io",0
"itsupport81",0
"itsemmaboardman",0
"itscomplicated",0
"itsalinaqvi",0
"its_ger",0
"itsVagabond",0
"itsN1X",0
"itfdetectives",0
"itariquekhan",0
"italyproptorent",0
"isthisseattaken",0
"isq",0
"isexton",0
"isaadansari",0
"irrusakova",0
"ironorehopper",0
"irmmontreal",0
"irmavermaat",0
"irivera",0
"irayon01",0
"iqmcorporation",0
"iq_196",0
"ipexl",0
"ipartnersmada",0
"ip4info",0
"ioteconomist",0
"iotarchitectde",0
"ioriwase",0
"iolenterprises",0
"intelpsolutions",0
"integr8yourdata",0
"insurtechnews",0
"insuranceblitz",0
"instrucdev",0
"inspireXphame",0
"insindustrynews",0
"insideabox",0
"inquireofficial",0
"input_italia",0
"inntimes",0
"innsogroup",0
"innovatingcrowd",0
"innovate",0
"innovahacklab",0
"innanas",0
"ingfelipelopezm",0
"ingaroma",0
"inforerpvisual",0
"infopathic",0
"info_velocity",0
"infoNation5",0
"influential_sb",0
"ineedmygadgetss",0
"industrylabs",0
"industrialcomtv",0
"indiraabidin",0
"inception_labs",0
"impactadvisor",0
"imfbrandon",0
"imaginesis",0
"imadhajjar",0
"imadeamesss",0
"ilparone",0
"ilovegarick",0
"iliasdelgreco",0
"ilfstest",0
"il_libertario",0
"iklima",0
"ikitajima",0
"ikenfax",0
"ihound1",0
"ihengbok",0
"ihassociation",0
"ignoreall",0
"igbolectures",0
"igamingbuzz",0
"ifossati",0
"idrivefasterboy",0
"ideas_2_reality",0
"ideagirlmedia",0
"ideafactory",0
"icsun",0
"iceandy",0
"iccdesign",0
"icapture",0
"ibuyrite",0
"ibmgeek",0
"iathenaChess",0
"ianodonnell",0
"ianmurphy1957",0
"ianjsingh",0
"iangodman",0
"ian_oppermann",0
"iamsujathadas",0
"iamsnglrty",0
"iampiyusharora",0
"iammannyj",0
"iamjayakumars",0
"iamjackiemac",0
"iambbaker",0
"ialwaysgreat",0
"i_print_4u",0
"iTrustPRO",0
"iSportsAnalysis",0
"iSonnySood",0
"iSchoolConnect",0
"iPhoneKnowHow",0
"iPadomania",0
"iPad_news_tw",0
"iPadGuy100",0
"iNkerLite",0
"iNekkhelTyagi",0
"iNOTITIA",0
"iCare_Health",0
"iBIOlinq",0
"i4isp",0
"i4innovations",0
"i4harold",0
"i3ntrepreneur",0
"i2marketing",0
"i22_digital",0
"hyuugacosplay",0
"hyounpark",0
"hustlemoneygame",0
"hunterkettering",0
"humetom",0
"humanoid_info",0
"humangeneric",0
"hugotoledo_usa",0
"hub_course",0
"hspinbusiness",0
"hprins",0
"hostXplus",0
"hosamawad",0
"hortovanyi",0
"horizon_unseen",0
"hops",0
"hopeforasthma",0
"hollobit",0
"holaba",0
"hoitakleung",0
"hmhulshof",0
"hmathiasedtech",0
"hjvanderklis",0
"hirshino",0
"hiroy0617",0
"hiroticks",0
"hintz2010",0
"himanet",0
"highmarkscr",0
"hiPHPie",0
"hgetson",0
"hezekiah_powell",0
"heypivot",0
"hermitaurous",0
"hermanlintvelt",0
"herkeictgroup",0
"henryschneider",0
"helloo_seo",0
"hello_retail",0
"hello10myth",0
"hekenberg",0
"hehemantgang",0
"hedwigus",0
"hectoralinares",0
"heathpropper",0
"hearfulhub",0
"healthindmedia",0
"healthily4ever",0
"healthcarebiz",0
"healthbees",0
"headhunterbrian",0
"hd8vis",0
"hblanken",0
"haveapeek",0
"hash_core",0
"hartdoctor",0
"hart_levine",0
"harmonygritz",0
"harleenas",0
"harlechnnorfolk",0
"harimenath",0
"hardikchheda",0
"haralddietrich",0
"happy_natashaaa",0
"happy67330754",0
"hanspal",0
"hansheesterbeek",0
"hansbreuk",0
"hanen105",0
"haminhngoc",0
"hakak",0
"hafelg",0
"haeyceni",0
"hacking_future",0
"habs25",0
"h_Jukka",0
"h3yn4h",0
"h2Recruit",0
"gyleodhis",0
"gvannonces",0
"gurusofbi",0
"guru_of_ai",0
"gummiorn",0
"gtsapepas",0
"gsiuskus",0
"gsgounder",0
"gsearly",0
"grubori",0
"grssnbchr",0
"growthcapnews",0
"groverkunal",0
"grjenkin",0
"grisei",0
"gridenko",0
"greilhuber",0
"gregster007",0
"greenfinstudio",0
"greatnews2017",0
"grdnmoma",0
"gravitygadz",0
"grahambunting",0
"gracinginfinity",0
"graccus",0
"gpodagrosi",0
"gplynch",0
"govindprabhu",0
"gov20",0
"gottatrainer",0
"gotransmitdata",0
"gotplates",0
"gorojou",0
"gorkyagent",0
"gorkemunel",0
"goodireland",0
"good4thegame",0
"good4lifeshop",0
"gonemtbing",0
"gonbee",0
"golden_goals_",0
"goldbergjeffrey",0
"gokinjosan",0
"gogline_com",0
"goering_randy",0
"godsgracearmy",0
"gminks",0
"gmgworldmedia",0
"gmeta",0
"glunati",0
"glodigfashion",0
"globexpert",0
"globalvillageng",0
"globalnearshore",0
"globaliste",0
"glenisgraham",0
"glautomobility",0
"giuliocaperdoni",0
"giovanninulli",0
"giovanninocera",0
"gill1109",0
"gihanperera",0
"gieldachemiczna",0
"ghughesmba",0
"ghia1212",0
"ggonza4itc",0
"gft_en",0
"gfriend",0
"gfarris",0
"gfabre_digital",0
"gettconsulting",0
"getnativehq",0
"getmoneymoxie",0
"gethappyzone",0
"getcodesnippet",0
"gesan81",0
"gervis",0
"gertjanwilde",0
"gerrydir",0
"germanbroker",0
"gerakanakis",0
"geraintjohn_",0
"geoinformacao",0
"geoffbaird_",0
"genia003",0
"generalists",0
"geeta4c",0
"geehall1",0
"gdfutrell",0
"gdelaportas",0
"gdcesare",0
"gcarloantonini",0
"gcamerli",0
"gaz_alpha",0
"gavriellegynd",0
"gautam_anand25",0
"gauravgarg2",0
"gaurarun777",0
"gastonbilder",0
"gasnitriding",0
"garyjbyrnes",0
"garyhorncrm",0
"garethg",0
"gardnersystems",0
"gardinerjason74",0
"garbiscabatoglu",0
"gapframe",0
"gaming__sultan",0
"galilu",0
"galigio",0
"gadgetman",0
"gadgetboy",0
"gabriellaparisi",0
"gCasadoBarral",0
"gBoatFly",0
"fxnewsdubai",0
"futuristwatcher",0
"futurice",0
"futurewrk",0
"futureshift_sg",0
"futureseek",0
"futuredeva",0
"futurap",0
"futeye",0
"futechiot",0
"fugazza",0
"ftrlimited",0
"ftorres2706",0
"frostedsoul",0
"fromcitytosea",0
"frielingbailey",0
"frey_ai",0
"freshsalis",0
"freewaredwnlds",0
"fredramirez3",0
"fredparv",0
"frederik_vl",0
"frechundwuest",0
"frankmercadojr",0
"frankkumli",0
"frankfurtkid",0
"frank_trevinojr",0
"france_75",0
"fran_igual",0
"founder8_",0
"forwardsprint",0
"foodinipos",0
"food_i_do",0
"followbuilders",0
"follow_eiver",0
"fnpolicy",0
"fnkey",0
"fmtoday",0
"fmi_marketing",0
"flvventurini",0
"flo_resch",0
"fllordachs",0
"flkeysnews",0
"fleiths",0
"flaviocal",0
"flashrecruiter",0
"flashpreviews",0
"flapic",0
"five_monkies",0
"firstpostindia",0
"finteched",0
"fintech_portal",0
"finplandubai",0
"finneycanhelp",0
"finesselv",0
"finanzprodukt",0
"financemedia",0
"finacanada",0
"filipelopesousa",0
"fhhknews",0
"fhhkgreennews",0
"fhattann",0
"feteoze54",0
"ferpasan",0
"fergoid",0
"felipechpol",0
"feedgrids",0
"fedraeffe",0
"federicovisi",0
"fedepisani",0
"fedecarg",0
"fede_guerrini",0
"fdibot",0
"fchugo",0
"fcharles",0
"fastviewer",0
"farzeenfilth",0
"faroloye",0
"farma2puntocero",0
"farhansattar",0
"fantomen",0
"fantomasie",0
"fanichet",0
"fanfoundry",0
"fanflick",0
"falyserrano",0
"fallschurchgop",0
"faircareproject",0
"face0ff_app",0
"fabricci",0
"fabiosbano",0
"fabiolusus",0
"fabichaillet",0
"f_wenz",0
"f_redant",0
"f7t9",0
"f33linfine",0
"ezoic",0
"eziosavva",0
"ezeeweb",0
"eyeinterest",0
"eyedotteecross",0
"exnav29",0
"exlide",0
"exelence_ou",0